업소명,위생등급제 가게,재방문률이 높은,최근에 자주가는,맛있는,가성비,깔끔하고 분위기가 좋은,신선한,친절한,혼밥,칠암동,가좌동
937,0,0,0,1,0,1,0,0,0,0,1
(유)아웃백스테이크하우스코리아 진주점,1,0,0,0,0,0,0,0,0,1,0
105실내포차,0,0,0,0,0,0,0,0,0,0,0
1440수제돈까스,0,0,0,0,0,0,0,0,0,1,0
1989역전꼬마김밥(진주점),0,0,0,0,0,0,0,0,0,1,0
32온스커피(32oz COFFEE),0,1,0,0,0,0,0,0,0,1,0
3팝(POP)플러스,0,0,0,0,0,0,0,0,0,1,0
57포차,0,0,0,0,0,0,0,0,0,1,0
6호토스트앤크로앙,0,0,0,0,0,0,0,0,0,0,1
79대포 경상대점,0,0,0,0,0,0,0,0,0,0,1
7번가피자신진주역점,0,0,0,0,0,0,0,0,0,0,1
88포장마차 경상대점,0,0,0,0,0,0,0,0,0,0,1
9992누룽지통닭,0,0,1,1,0,0,0,1,0,0,1
GS25신진주시티점,0,0,0,0,0,0,0,0,0,0,1
GS25진주산업대점,0,0,0,0,0,0,0,0,0,1,0
GS25진주칠암강변점,0,0,0,0,0,0,0,0,0,1,0
The(더:)김밥,0,0,0,0,0,0,0,0,0,0,1
스시하루,0,0,1,0,0,0,0,0,0,0,1
가가(GAGA),0,0,0,0,0,0,0,0,0,0,1
가람다례원,0,0,0,0,0,0,0,0,0,0,0
가마솥옛날시골통닭&호프,1,0,0,0,0,0,0,0,0,0,1
가마솥추어탕,0,1,0,0,0,0,0,0,0,1,0
가마치옛날통닭,0,0,0,0,0,0,0,0,0,1,0
가야숯불가든,0,0,1,0,0,1,0,1,0,0,1
가야시락국밥,0,0,0,0,0,0,0,0,0,1,0
가좌식육점식당,0,0,0,0,0,0,0,0,0,0,1
가향,0,0,0,0,0,0,0,0,0,1,0
간이역 신진주역점,0,0,0,0,0,0,0,0,0,0,1
간이역 칠암역점,0,0,0,0,0,0,0,0,0,1,0
간이역육거리점,0,0,0,0,0,0,0,0,0,0,0
감성커피 진주강남점,0,1,0,0,0,0,0,0,0,0,0
강남동동주,0,0,0,0,0,0,0,0,0,0,0
강남빈대떡,0,0,0,0,0,0,0,0,0,0,0
강남토스트,0,0,0,0,0,0,0,0,0,0,0
강다짐경상대점,0,0,0,0,0,0,0,0,0,0,1
개척돈가스,0,0,1,1,1,1,0,1,0,0,1
개척수산,0,0,1,1,1,1,0,1,0,0,1
개척초밥,0,0,1,1,1,0,0,1,0,0,1
거림,0,0,1,1,0,0,0,0,0,1,0
거북이구들장구이,0,0,0,0,0,0,0,0,0,0,1
거제횟집,0,1,0,0,0,0,0,0,0,1,0
거창추어탕,0,0,0,0,0,0,0,0,0,1,0
건대시마다,0,0,0,0,0,0,0,0,0,0,1
경대족발,0,1,0,0,0,0,0,0,0,0,1
경대컵밥과기대칠암점,0,0,0,0,0,0,0,0,0,1,0
경대튀김,0,1,1,0,0,0,0,0,0,0,1
경상대명물 남매컵밥,0,0,0,0,0,0,0,1,0,0,1
경아식당,0,0,1,1,0,0,1,1,0,0,1
고구려,0,0,1,1,0,0,0,0,0,1,0
고량진미,0,0,0,0,0,0,0,0,0,0,1
고마흑돼지,0,0,0,0,0,0,0,0,0,1,0
고메,0,0,1,1,0,1,0,1,0,0,1
고봉민김밥,0,0,0,0,0,0,0,0,0,0,1
고슴도치분식,0,0,0,0,0,0,0,0,0,0,1
고씨네,0,0,0,0,0,0,0,0,1,0,1
고피자,0,0,0,0,0,0,0,0,0,0,1
고향보리밥,0,0,0,0,0,0,0,0,0,0,1
고향집,0,0,0,0,0,0,0,0,0,1,0
골목대장,0,0,0,0,0,0,0,0,0,0,1
카페 뮈렌,0,0,0,0,0,0,0,0,0,0,0
공차진주경상대점,0,1,1,0,0,0,0,0,0,0,1
공차진주과기대점,0,1,0,0,0,0,0,0,0,1,0
공학관점카페,0,0,0,0,0,0,0,0,0,0,1
광화어탕,0,1,0,0,0,0,0,0,0,1,0
교육문화센터카페(교육카페),0,0,0,0,0,0,0,0,0,0,1
교촌치킨칠암망경점,0,1,0,0,0,0,0,0,0,1,0
구포국수,0,0,0,0,0,0,0,0,0,0,0
국수나무가좌점,0,0,0,0,0,0,0,0,0,0,1
국수나무칠암점,0,0,0,0,0,0,0,0,0,1,0
국수타임,0,0,0,0,0,0,0,0,0,0,1
굽네치킨 가호점,0,0,0,0,0,0,0,0,0,0,1
굿데이구디스,0,0,0,0,0,0,0,0,0,0,1
권돼지국밥,0,1,0,1,0,0,0,0,0,1,0
그린스미스샌드베이 경상국립대점,0,1,0,1,0,0,0,0,0,0,1
금수추어탕,0,0,0,0,0,0,0,0,0,1,0
금오식육식당,0,0,0,0,0,0,0,0,0,1,0
기기커피 경상대점,0,0,0,0,0,0,0,0,0,0,1
김밥한끼,0,0,0,0,0,0,0,0,0,0,1
김씨네라멘트럭,0,0,0,0,0,1,0,0,0,0,1
까사데아미고경상국립대점,0,0,1,1,1,1,0,1,0,0,1
깨미닭,1,0,0,0,0,0,0,0,0,0,1
꼬꼬아찌진주경상대점,0,0,0,0,0,0,0,0,0,0,1
꼬밥,0,1,0,0,0,0,0,0,0,1,0
꼴통막창,0,0,0,0,0,0,0,0,0,0,1
꾸깃꾸깃,0,0,0,0,0,0,0,0,0,0,1
꾸븐제주오겹살,0,0,0,0,0,0,0,0,0,0,1
끄티식당,0,0,0,0,0,0,0,0,0,0,1
나그네김밥,0,0,0,0,0,0,0,0,0,0,1
나영이네집밥,0,0,0,0,0,0,0,0,0,0,1
날마다짬뽕,0,1,0,0,0,0,0,0,0,1,0
남가람청국장마을,0,0,0,0,0,0,0,0,0,1,0
남강숯불갈비,0,0,0,0,0,0,0,0,0,1,0
남강횟집,0,0,0,0,0,0,0,0,0,1,0
남강회초밥,0,0,0,0,0,0,0,0,0,1,0
남매컵밥,0,0,1,1,1,0,0,0,1,1,0
남산전당,0,0,0,0,0,0,0,0,0,0,0
남촌손칼국시,0,0,0,0,0,0,0,0,0,1,0
남해물회,0,0,0,0,0,0,0,0,0,1,0
내고향생초어탕,0,0,0,0,0,0,0,0,0,0,0
네네치킨,0,0,0,0,0,0,0,0,0,0,0
노가네충무김밥 신진주역점,0,0,0,0,0,0,0,0,0,0,1
노다지(민속주점),0,0,0,0,0,0,0,0,0,1,0
노랑통닭 가좌점,0,0,0,0,0,0,0,0,0,0,1
노상,0,0,0,0,0,0,0,0,0,1,0
놀부부대찌개,1,0,0,0,0,0,0,0,0,1,0
놀숲,0,1,1,0,0,0,0,1,0,0,1
느리고바르게디저트카페,0,0,0,0,0,0,0,0,0,0,1
느티마루점,0,0,0,0,0,0,0,0,0,0,1
니도(Nido),0,0,0,1,0,1,0,0,0,0,1
다드림,0,0,0,0,0,0,1,0,0,0,1
다유희,0,0,0,0,0,0,0,0,0,0,1
달구지막창강남점,0,0,0,0,0,0,0,0,0,0,0
닭사랑춘천닭갈비,0,0,0,0,0,0,0,0,0,1,0
닭사리오,0,0,0,0,0,0,0,0,0,0,1
담다올,0,0,0,0,0,0,0,0,0,0,0
당신은지금치킨이땡긴다 경상대점,0,0,0,0,0,0,0,0,0,0,1
대동식당,0,0,0,0,0,0,0,0,0,1,0
대만반점,0,0,0,0,0,0,0,0,0,0,0
대복갈비살,0,1,0,0,0,0,0,0,0,1,0
대복식당,0,0,0,0,0,0,0,0,0,1,0
대봉식당,0,0,0,0,0,0,0,0,0,0,0
대지식당,0,0,0,0,0,0,0,0,0,1,0
대학로김밥,0,0,0,0,0,0,0,0,0,1,0
대호분식,0,0,0,0,0,0,0,0,0,0,1
더(The)술,0,0,0,0,0,0,0,0,0,0,1
더달콤한하루,0,0,0,0,0,0,0,0,0,0,1
더만족,0,0,0,0,0,0,0,0,0,0,1
더벤티경상대점,0,1,0,0,0,0,0,1,0,0,1
더벤티경상대정문점,0,0,0,0,0,0,0,0,0,0,1
더벤티과기대점,0,0,0,0,0,0,0,0,0,1,0
더벤티신진주역점,1,0,0,0,0,0,0,0,0,0,1
더새론갈비,0,0,0,0,0,0,0,0,0,0,0
더웨이닝커피,0,0,0,0,0,1,0,0,0,0,1
더웨이닝커피 바른병원점,0,0,0,0,0,0,0,0,0,1,0
더카페(THE CAFE) 다올,0,0,0,0,0,0,0,0,0,0,1
더프룻(The fruit),0,0,0,0,0,0,0,0,0,0,1
더홀릭,0,0,0,0,0,0,0,0,0,0,1
델브리또,0,0,0,0,1,0,0,0,0,0,1
도미노피자(진주 경상대점),1,0,0,0,0,0,0,0,0,0,1
도복희상회 경상대점,0,0,0,0,0,0,0,0,0,0,1
도스마스경상대점,0,0,0,0,0,0,0,0,0,0,1
돈갈비,0,1,0,0,0,0,0,0,0,0,1
돈바리,0,0,0,0,0,0,0,0,0,0,0
돈우하우스,0,0,0,0,0,0,0,0,0,0,0
돈카츠마R 가호점,0,0,0,0,0,0,0,0,0,0,1
동궁찜닭,0,0,1,1,0,0,0,1,0,0,1
동네커피 가호점,0,1,0,0,0,1,0,1,0,0,1
동네커피 신진주역점,0,0,0,0,0,0,0,0,0,0,1
동네커피 칠암점,0,0,0,0,0,0,0,0,0,1,0
동아반점,0,0,0,0,0,0,0,0,0,1,0
동향,0,0,0,0,0,0,0,0,0,0,1
돼지랑순대랑,0,0,0,0,0,0,0,0,0,0,1
두레박칼국수,0,0,0,0,0,0,0,0,0,0,0
두스두스(doucedouce),0,1,0,0,0,0,0,0,0,0,1
뒷고기회관 가좌점,0,0,0,0,0,0,0,0,0,0,1
드링킹,0,0,0,0,0,0,0,0,0,0,1
등촌샤브칼국수 진주칠암점,0,0,0,1,0,0,0,0,0,1,0
땡기는술집,0,0,0,0,0,0,0,0,0,0,0
땡초닭비어,0,0,0,0,0,0,0,0,0,1,0
??珂癰娥≠쪘Ｅ봐,0,0,0,0,0,0,0,0,0,0,1
"떡볶이참잘하는집,떡참진주가호점",1,0,0,0,0,0,0,0,0,0,1
똥꼬(과기대점),0,0,0,0,0,0,0,0,0,1,0
뚝섬아구찜,0,0,0,0,0,0,0,0,0,1,0
뚱보화로불고기 칠암점,0,0,0,0,0,0,0,0,0,1,0
라그릭(RaGreek),0,0,0,0,0,0,0,0,0,1,0
라노떼호프,0,0,0,0,0,0,0,0,0,0,0
라니네디저트,0,0,0,0,0,0,0,0,0,1,0
라맛쿵부가좌점,0,0,0,0,0,0,0,0,0,0,1
라이,0,0,0,0,0,0,0,0,0,0,1
라잇틀리,0,0,0,0,0,0,1,0,0,0,1
라쿵푸마라탕진주점,0,0,1,1,0,0,1,1,1,1,0
라튤립,0,0,0,0,0,0,0,0,0,0,1
라화쿵부진주경상대점,1,0,0,0,0,0,0,0,0,0,1
런던키친,0,0,0,0,0,0,0,0,0,0,1
레도커피(REDO COFFEE),0,1,0,1,0,1,0,1,0,0,1
레이지독(LAZY DOG),0,0,0,1,0,1,0,0,0,1,0
로뎀주스,0,0,0,0,0,0,0,0,0,0,1
로스터리카페뜰,0,1,0,0,0,0,0,0,0,0,1
로우로우,0,0,1,1,0,1,0,1,0,0,1
롯데리아(경상대점),0,1,1,0,0,0,0,0,0,0,1
롯데리아산업대점,0,0,0,0,0,0,0,0,1,1,0
루씨르,0,1,0,0,0,0,0,0,0,0,1
리뷰PC카페,0,0,0,0,0,0,0,0,0,1,0
림메이크(rim:ake),0,0,0,0,0,0,0,0,0,1,0
마가리타,0,0,0,0,0,0,0,0,0,0,1
마라도횟집,0,0,0,0,0,0,0,0,0,0,0
마라제국,0,0,0,0,0,0,0,0,0,0,1
마루축산식육식당,0,0,0,0,0,0,0,0,0,1,0
마망구떼,0,0,0,0,0,0,0,0,0,1,0
마왕족발진주경상대점,0,0,0,0,0,0,1,0,0,0,1
마해아구찜,0,0,0,0,0,0,0,0,0,0,1
만나분식,0,0,0,0,0,0,0,0,0,0,1
만나원,0,0,0,0,0,0,0,0,0,1,0
만나찹쌀꽈배기,0,0,0,0,0,0,0,0,0,1,0
맘스터치 피자앤치킨 진주역점,0,0,0,0,0,0,0,0,0,0,1
맘스터치진주경상대점,0,1,0,0,0,0,0,0,0,0,1
맘스터치진주과기대점,1,1,0,0,0,0,0,0,0,1,0
맛나국수,0,0,0,0,0,0,0,0,0,0,1
맛에취하는족발,0,0,0,0,0,0,0,0,0,0,1
맛이좋은집,0,1,0,0,0,1,0,0,0,0,0
맛있는착한고기경상대점,0,0,1,1,1,0,0,1,0,0,1
맛있으면돼지,0,0,0,0,0,0,0,0,0,0,1
맛짱마라탕 칠암점,0,0,1,1,0,1,0,1,0,1,0
매료,0,0,0,0,0,0,0,0,0,1,0
메가엠지씨커피진주칠암점,0,0,0,0,0,0,0,0,0,1,0
멘탈비히클,0,0,0,1,0,1,0,0,1,0,1
면만드는사람들(정촌신진주역점),0,0,0,0,0,0,0,0,0,0,1
명가충무김밥,0,0,0,0,0,0,0,0,0,0,0
명랑핫도그경상대점,0,0,0,0,0,0,0,0,0,0,1
명물부대찌개,0,0,0,0,0,0,0,0,0,1,0
명샤브,0,1,0,0,0,0,0,0,0,1,0
목넴기숯불갈비식육식당,0,0,0,0,0,0,0,0,0,0,0
목요일오후네시,0,1,0,0,0,0,0,0,0,1,0
몬트쿠키,0,0,0,1,0,0,0,1,0,0,1
무지개맥주,0,0,0,0,0,0,0,0,0,0,1
미뇽(Mignon),0,0,0,0,0,0,0,0,0,1,0
미미관마라탕경상대점,0,0,0,0,0,0,0,0,0,0,1
미인족발,0,0,0,0,0,0,0,0,0,1,0
미쳐버린파닭 경상대점,0,0,0,0,0,0,0,0,0,0,1
미향루,0,0,0,0,0,0,0,0,0,0,1
밀리오레김밥 앤 돈까스,0,0,0,0,0,0,0,0,0,0,1
밀밭수제비,0,0,0,0,0,0,0,0,0,0,1
밀플랜비 진주점,0,0,0,0,0,0,0,0,0,0,1
바르원 앤 밀면,0,0,0,0,0,0,0,0,0,0,1
바른주스,0,1,0,0,0,0,1,0,0,1,0
박가네솥뚜껑,0,0,0,0,0,0,0,0,0,1,0
반반스프링스커피 경대점,0,1,0,0,0,0,0,0,0,0,1
반천촌국수,0,0,0,1,0,0,0,0,0,0,1
밥풀릭스 가호점,0,0,0,0,0,0,0,0,0,0,1
배스킨라빈스 신진주역점,1,1,1,0,0,0,0,0,0,0,1
배스킨라빈스진주경상대점,1,0,0,0,0,0,0,0,0,0,1
배틀스타블랙PC방,0,0,0,0,0,0,0,0,0,0,1
배틀스타피씨방매점,0,0,0,0,0,0,0,0,0,0,1
백가네대구막창,0,0,0,0,0,0,0,0,0,1,0
백번집,0,0,0,0,0,0,0,0,0,0,1
백조품은오리,0,0,1,1,1,0,0,1,0,1,0
버거스테이지진주역점,1,0,0,0,0,0,0,0,0,0,1
버거킹진주경상대점,0,1,0,0,0,0,0,0,0,0,1
번개포차,0,0,1,1,1,0,0,1,0,1,0
벌집삼겹살,0,0,0,0,0,0,0,0,0,0,1
벌툰진주본점,0,0,0,0,0,0,0,0,0,1,0
베네치아(VENEZIA),0,0,0,0,0,0,0,0,0,0,1
베스킨라빈스산업대점,0,0,0,0,0,0,0,0,0,1,0
보애씨,0,0,0,0,0,0,0,0,0,1,0
복호식당,0,0,0,0,0,0,0,0,0,0,1
본도시락진주경상국립대점,0,1,0,0,0,0,0,0,0,1,0
본죽,0,0,0,0,0,0,0,0,0,1,0
본죽앤비빔밥진주역점,0,0,0,0,0,0,0,0,0,0,1
본토비빔밥,0,0,0,0,0,0,0,0,0,1,0
봄들식당,0,0,0,0,0,0,0,0,0,1,0
봉구스 밥버거,0,0,0,0,0,0,0,0,0,1,0
봉구스밥버거,0,0,0,0,0,0,0,0,0,0,1
부산돼지국밥,0,0,0,0,0,0,0,0,0,0,1
부산돼지국밥,0,0,0,0,0,0,0,0,0,1,0
부산물회,0,0,0,0,0,0,0,0,0,0,0
부산분식,0,0,0,0,0,0,0,0,0,1,0
부산장어,0,0,0,0,0,0,0,0,0,0,0
북경양꼬치,0,0,0,0,0,0,0,0,0,0,1
분식쌀롱 가호점,0,0,0,0,0,0,0,0,0,0,1
불돈생돈산업대점,0,0,0,0,0,0,0,0,0,1,0
불막열삼 경상대점,0,0,0,0,0,0,0,0,0,0,1
불막열삼 신진주시티가좌점,0,0,0,0,0,0,0,0,0,0,1
불막열삼 진주칠암점,0,0,0,0,0,0,0,0,0,1,0
붐비나분식,0,0,0,0,0,0,0,0,0,0,0
붕호땅,0,1,0,0,0,0,0,0,0,0,1
브라운핸즈 라키비움 진주엠비씨점,0,0,0,0,0,0,0,0,0,0,1
브런치 앤 딘치,0,1,0,0,0,0,0,0,0,1,0
블랙폼,0,0,1,1,0,1,0,1,0,0,1
블루리본컵케익(BLue RibBon CuPcAkEs),0,0,0,0,0,0,0,0,0,0,1
블루포트 연암공대점,0,0,0,0,0,0,0,0,0,0,1
블루포트경남과학기술대점,0,0,0,0,0,0,0,0,0,1,0
블루포트진주경상국립대학교병원점,0,0,0,0,0,0,0,0,0,1,0
비가오는 날엔,0,0,0,0,0,0,0,0,0,0,1
비금,0,0,0,0,0,0,1,0,0,1,0
비비큐 신진주역점 (BBQ),1,0,0,0,0,0,0,0,0,0,1
비비큐 치킨앤비어(칠암점),0,0,0,0,0,0,0,0,0,1,0
비비큐치킨가호점,0,0,0,0,0,0,0,0,0,0,1
비비피씨방 개양점,0,0,0,0,0,0,0,0,0,0,1
비샤몬텐,0,0,0,0,0,0,0,0,0,0,1
비에이치씨(BHC)신진주역점,1,0,0,0,0,0,0,0,0,0,1
비에이치씨강남점,0,0,0,0,0,0,0,0,0,0,0
비에이치씨경상대점,0,0,0,0,0,0,0,0,0,0,1
빅스타피자 진주강남점,0,0,0,0,0,0,0,0,0,0,0
빌레이(Belay),0,0,0,0,0,0,0,0,0,1,0
빽다방 진주경상대후문점,1,1,1,0,0,0,0,0,0,0,1
빽다방진주과기대점,0,1,1,0,0,0,0,0,0,1,0
빽다방진주역점,1,0,1,0,1,0,0,1,0,0,1
빽보이피자 진주가좌점,1,0,0,0,0,0,0,0,0,0,1
사건의장소,0,0,0,0,0,1,0,1,0,0,1
사운드가든,0,0,0,0,0,1,0,0,0,0,1
사월주가,0,0,0,0,0,0,0,0,0,1,0
사천냉면,0,0,0,0,0,0,0,0,0,1,0
산대쭈꾸미,0,0,0,0,0,0,0,0,0,1,0
산들호프,0,0,0,0,0,0,0,0,0,1,0
산울림식당,0,0,0,0,0,0,0,0,0,0,1
산청식육식당,0,0,0,0,0,0,0,0,0,1,0
삼삼밀면,0,0,0,0,0,0,0,0,0,0,1
삼성패밀리뷔페 돌잔치전문점,0,0,0,0,0,0,0,0,0,0,0
삼천포실비,0,0,0,0,0,0,0,0,0,0,1
삼호반점,0,0,0,0,0,0,0,0,0,0,0
상남자키친,0,0,0,0,0,0,0,0,0,0,1
상림기러기,0,0,0,0,0,0,0,0,0,0,1
상하이,1,0,0,0,0,0,0,0,0,1,0
새마을식당,1,0,0,1,0,0,0,1,0,0,1
색다른밥,0,0,0,1,0,0,0,1,0,0,0
샌드데이,0,0,0,0,0,0,0,0,0,0,1
샐러든,0,0,0,1,0,0,0,0,0,1,0
생활관관리동카페(생활관카페테리아),0,0,0,0,0,0,0,0,0,0,1
샤블리,0,0,0,0,0,0,0,0,0,1,0
서요 경상대점,0,0,1,1,0,1,0,1,0,0,1
서울냉면,0,0,0,0,0,0,0,0,0,0,1
서울설렁탕 경상대점,0,0,0,0,0,0,0,0,0,0,1
선학식당,0,0,0,0,0,0,0,0,0,0,0
설빙(경상대점),0,0,0,0,0,0,0,0,0,0,1
성아콩세상웰빙밥상,1,0,0,0,0,0,0,0,0,1,0
성진관,0,0,0,0,0,0,0,0,0,1,0
세렌디피티(SERENDIPITY),0,0,0,0,0,0,0,0,0,1,0
세븐일레븐진주동성카페점,0,0,0,0,0,0,0,0,0,0,0
세븐일레븐진주율곡스퀘어점,0,0,0,0,0,0,0,0,0,0,1
세븐일레븐진주천전점,0,0,0,0,0,0,0,0,0,1,0
세연푸드 나드리김밥 진주경상대병원점,0,0,0,0,0,0,0,0,0,1,0
센트럴베이크샵(central bake shop),0,0,0,0,0,0,0,0,0,0,1
소문난반성장터국밥,0,0,0,0,0,0,0,0,0,1,0
소소커피,0,0,0,0,0,0,0,0,0,0,1
소우리,0,0,0,0,0,0,0,0,0,1,0
소우주,0,0,0,0,0,0,1,0,0,1,0
소호스시,0,0,0,0,0,1,1,1,0,0,1
손맛시대,0,0,0,0,0,0,0,0,0,0,0
솥,0,0,0,0,0,0,0,0,0,0,1
솥밥갤러리,0,0,0,1,0,1,0,0,0,1,0
쇼우도우,0,0,0,0,0,0,0,0,0,0,1
수기김밥,0,0,0,0,0,0,0,0,0,0,0
수내닭꼬치경상대점,0,0,0,0,0,0,0,0,0,0,1
수돈까스,0,0,0,0,0,0,0,0,0,1,0
수라간,0,0,0,0,0,0,0,0,0,1,0
수복포차,0,0,0,0,0,0,0,0,0,0,1
수유리우동집진주역점,0,0,0,0,0,0,0,0,0,0,1
수풀림 진주경상대점,0,0,0,0,0,0,0,0,0,0,1
수해복마라탕,0,1,0,0,0,0,1,0,0,0,1
수해복진주칠암점,0,0,0,0,0,0,0,0,0,1,0
순수덮밥 가호점,0,0,0,0,0,0,0,0,0,0,1
순이네,0,0,0,0,0,0,0,0,0,1,0
술이야안주야,0,0,0,0,0,0,0,0,0,1,0
스시수,0,0,1,0,0,0,0,1,0,1,0
스시캘리포니아 엠비씨네점,0,0,0,0,0,0,0,0,0,0,1
스시하루,0,0,0,0,0,0,0,1,0,0,1
스타덤PC방진주과기대점,0,0,0,0,0,0,0,0,0,1,0
스타디움피씨카페(스타디움PC cafe),0,0,0,0,0,0,0,0,0,0,1
스타벅스 경상대칠암캠퍼스점,1,1,1,0,0,0,0,0,0,1,0
스타벅스진주경상대점,1,1,1,0,0,1,0,0,0,0,1
스테이지우산,0,0,0,0,0,0,1,0,0,1,0
스톡홀름샐러드,0,0,0,0,0,0,0,0,0,0,1
스튜디오꽃당,0,0,0,0,0,0,0,0,0,0,0
시골집,0,0,0,0,0,0,0,0,0,1,0
시마다,0,0,0,0,0,0,0,0,0,0,1
시원복집,0,0,0,0,0,0,0,0,0,0,0
시호일(是好日),0,0,0,0,0,0,0,0,0,1,0
신완뚝위드샤브,0,0,0,0,0,0,0,0,0,0,1
신전떡볶이과기대점,0,1,0,0,0,0,0,0,0,1,0
신전떡볶이진주1호점,0,0,0,0,0,0,0,0,0,0,1
신참떡볶이,0,0,0,0,0,0,0,0,0,0,1
싱싱푸르츠진주점,0,0,0,0,0,0,0,0,0,0,1
쌈싸먹는김치찌개강남식당,0,1,0,0,0,0,0,0,0,0,0
써브웨이 진주경상대 칠암캠퍼스점,0,0,1,0,0,0,0,0,0,1,0
써브웨이진주경상대점,0,1,0,0,0,0,0,0,0,0,1
썰스티(Thirsty),0,0,0,0,0,1,0,0,0,0,1
씨유 신진주프리미어웰가점(CU 신진주프리미어웰가점),0,0,0,0,0,0,0,0,0,0,1
씨유 진주칠암원룸점,0,0,0,0,0,0,0,0,0,1,0
씨유(CU) 진주경상대점,0,0,0,0,0,0,0,0,0,0,1
씨유가좌주공점,0,0,0,0,0,0,0,0,0,0,1
씨유경대후문점,0,0,0,0,0,0,0,0,0,0,1
씨유신진주줌시티점,0,0,0,0,0,0,0,0,0,0,1
씨유신진주줌테라스점,0,0,0,0,0,0,0,0,0,0,1
씨유의대칠암점,0,0,0,0,0,0,0,0,0,1,0
씨유진주가좌원룸점,0,0,0,0,0,0,0,0,0,0,1
씨유진주강남로점,0,0,0,0,0,0,0,0,0,1,0
씨유진주더퍼스트웰가점,0,0,0,0,0,0,0,0,0,0,1
씨유진주센트럴웰가점,0,0,0,0,0,0,0,0,0,0,1
씨유진주아주스타점,0,0,0,0,0,0,0,0,0,1,0
씨유진주칠암플러스점,0,0,0,0,0,0,0,0,0,1,0
씨유진주칠암현대점,0,0,0,0,0,0,0,0,0,1,0
씨유진주한화포레나점,0,0,0,0,0,0,0,0,0,0,1
아마스빈,0,0,0,0,0,0,0,0,0,0,1
아몽즈커피 진주칠암점,0,0,0,0,0,0,0,0,0,1,0
아무튼디저트,0,0,0,0,0,0,0,0,0,0,1
아미식당,0,0,0,0,0,0,0,0,0,1,0
아버브런치앤커피(ARBOUR Brunch & Coffee),0,0,0,1,0,1,0,0,0,0,1
아스라이 경상대점,0,0,1,1,0,1,0,1,0,0,1
아싸요우 진주경상대점,0,0,0,0,0,0,0,0,0,0,1
아웃닭경상대점,0,0,1,0,0,1,0,0,0,0,1
아타토커피,0,0,0,0,0,0,0,0,0,1,0
안녕 그루담,0,0,0,0,0,0,0,0,0,1,0
안동선계찜닭 경상대점,0,0,0,0,0,0,0,0,0,0,1
알로하스시어나더(ALOHA SUSHI ANOTHER),0,0,0,0,0,0,0,0,0,1,0
알차네식당,0,0,0,0,0,0,0,0,0,0,0
알통떡강정,0,0,0,0,0,0,0,0,0,0,1
야채오리,0,0,0,0,0,0,0,0,0,1,0
양반의체면,0,0,0,0,0,0,0,0,0,1,0
양자강,0,0,0,0,0,0,0,0,0,1,0
양철집,0,0,0,0,0,0,0,0,0,0,1
어니언스치킨,0,0,0,0,0,0,0,0,0,0,1
어머니와고등어,0,0,0,0,0,0,0,0,0,1,0
어복정,0,0,0,0,0,0,0,0,0,0,0
언양닭칼국수,0,0,0,0,0,0,0,0,0,0,1
엄마국수,0,0,0,0,0,0,0,0,0,1,0
엄마네식당,0,0,0,0,0,0,0,0,0,0,0
엄마손식당,0,0,0,0,0,0,0,0,0,0,0
엄마손팥칼국수,0,0,0,0,0,0,0,0,0,0,1
업텐브로진주경상대점,0,0,0,0,0,0,0,0,0,0,1
에그드랍진주경상대점,0,0,0,0,0,0,0,0,0,0,1
에그드랍진주칠암점,0,0,0,0,0,0,0,0,0,1,0
에나주스,0,1,0,0,0,0,0,0,0,0,1
에바돈카츠경상대점,0,0,0,0,0,0,0,0,0,0,1
엠스에스프레소커피(M's Espresso coffee),0,0,0,0,0,0,0,0,0,1,0
역전소여사황제대패,0,1,0,1,0,0,0,0,0,0,1
역전할머니맥주 진주역점,0,0,0,0,0,0,0,0,0,0,1
역전할머니맥주경상대점,0,0,0,0,0,0,0,0,0,0,1
역전할머니맥주과기대점,0,0,0,0,0,0,0,0,0,1,0
연놀부석쇠불고기정식,0,0,0,0,0,0,0,0,0,0,1
연어가게,0,0,0,0,0,0,0,0,0,1,0
연우담,0,1,0,0,0,0,0,0,0,1,0
연이네촌국수,0,0,0,0,0,0,0,0,0,0,0
연주네밥상,0,1,0,0,0,0,0,0,0,1,0
연회집,0,0,1,1,0,1,0,1,0,1,0
염천교식당,0,0,0,0,0,0,0,0,0,0,1
영빈가든진주 본점,0,0,0,0,0,0,0,0,0,1,0
영은식당,0,0,0,0,0,0,0,0,0,0,0
오꾸닭산업대점,0,0,0,0,0,0,0,0,0,1,0
오늘김해뒷고기경상대점,0,0,0,0,0,0,0,0,0,0,1
오늘도대게횟집,0,0,0,0,0,0,0,0,0,0,0
오늘의 양푼집,0,0,0,0,0,0,0,0,0,0,1
오늘의케이크,0,0,0,0,0,0,0,0,0,0,1
오다가다,0,0,1,1,0,0,0,1,0,0,1
오닭꼬치 신진주역점,0,0,0,0,0,0,0,0,0,0,1
오디티(Ordinary DownTown),0,0,0,0,0,0,0,0,0,0,1
오복이네,0,0,0,0,0,0,0,0,0,1,0
오봉도시락과기대점,0,0,0,0,0,0,0,0,0,1,0
오사장횟집,0,0,0,0,0,0,0,0,0,1,0
오오토리스시,0,0,0,0,0,0,0,0,0,0,1
오유케이크,0,0,0,0,0,0,0,0,0,1,0
오코스 진주칠암본점,0,0,1,1,0,1,0,1,0,1,0
오해피데이,0,0,0,0,0,0,0,0,0,0,0
오후의홍차,0,0,0,0,0,0,0,0,0,1,0
옥돌우동,0,0,0,0,0,0,0,0,0,0,0
옥천식당,0,0,0,0,0,0,0,0,0,1,0
온어스경상대학교점,0,1,0,0,0,0,0,0,0,0,1
올라,0,0,0,0,0,0,1,0,0,1,0
와플대학진주경상대캠퍼스,0,0,0,0,0,0,0,0,0,0,1
와플칸과기대점,0,0,0,0,0,0,0,1,0,1,0
왕우동,0,0,0,0,0,0,0,0,0,1,0
요거프레소진주강남점,0,0,0,0,0,0,0,0,0,0,0
요맘꼬마김밥 진주역점,0,0,0,0,0,0,0,0,0,0,1
욜로,0,0,1,1,1,1,0,1,0,0,1
용우동,0,0,0,0,0,0,0,0,0,0,1
용우동진주산업대점,0,0,0,0,0,0,0,0,0,1,0
용팔이밀면,0,0,0,0,0,0,0,0,0,0,1
우두두,0,1,1,1,0,1,0,0,0,1,0
우리돼지나라,0,0,0,0,0,0,0,0,0,1,0
우리식당,0,0,0,0,0,0,0,0,0,0,0
우리엄마식당,0,0,0,0,0,0,0,0,0,0,1
우심방,0,0,0,0,0,0,0,0,0,1,0
우이동불고기,0,0,0,0,0,0,0,0,0,1,0
우주라이크커피 진주칠암점,0,0,0,0,0,0,0,0,0,1,0
울엄마부대찌개,0,0,0,0,0,0,0,0,0,0,1
원정숯불닭바베큐,0,0,0,0,0,0,0,0,0,0,0
원조부안집 진주역점,0,0,0,1,0,0,0,1,0,0,1
월하주,0,0,1,1,0,1,0,1,0,0,1
웰가커피,0,0,0,0,0,0,0,0,0,0,1
유커피(U Coffee),0,0,0,0,0,0,0,0,0,0,0
육거리곰탕,0,0,0,0,0,0,0,0,0,0,0
육거리회향어,0,0,0,0,0,0,0,0,0,0,0
육수당 진주점,0,0,0,0,0,0,0,0,0,0,1
은성게장플러스,0,0,0,0,0,0,0,0,0,1,0
은지네반점,0,0,0,0,0,0,0,0,0,1,0
의령돼지국밥,0,0,0,0,0,0,0,0,0,1,0
이너웨이브,0,0,0,0,0,0,0,0,0,1,0
이대감자탕,0,0,0,0,0,0,0,0,0,1,0
이디야 신진주역점,1,0,1,0,0,0,0,0,0,0,1
이디야진주개양오거리점,1,0,0,0,0,0,0,0,0,0,1
이디야커피강남점,0,0,0,0,0,0,0,0,0,0,0
이디야커피경남과기대점,1,0,0,0,0,0,0,0,0,1,0
이마트24 R경상대센터점,0,0,0,0,0,0,0,0,0,0,1
이마트24R진주과기대점,0,0,0,0,0,0,0,0,0,1,0
이삭토스트과기대점,0,0,1,0,0,0,0,0,0,1,0
이서방짬뽕,0,0,0,0,0,0,0,0,0,0,1
울엄마왕돈까스,0,0,0,0,0,0,0,0,0,0,1
이정식당,0,0,0,0,0,0,0,0,0,1,0
이추네,0,0,0,0,0,0,0,0,0,1,0
인쌩맥주 진주역점,0,0,0,0,0,0,0,0,0,0,1
인터피아피시방(인터피아PC방),0,0,0,0,0,0,0,0,0,0,1
일미횟집,0,0,0,0,0,0,0,0,0,1,0
일본라멘전문점 류헤이,0,0,0,0,0,0,0,0,0,0,1
일일수작 진주경상대점,0,0,0,0,0,0,0,0,0,0,1
임실치즈피자가호점,0,0,0,0,0,0,0,0,0,0,1
자담치킨앤호프가호점,0,0,0,0,0,0,0,0,0,0,1
자연담은이야기,0,0,0,0,0,0,0,0,0,1,0
장모님치킨,0,0,0,0,0,0,0,0,0,1,0
장미꽃 떡볶이앤라면,0,0,0,0,0,0,0,0,0,0,1
장미맨숀진주경상대점,0,0,0,0,0,0,0,0,0,0,1
장산방,0,0,1,1,0,0,0,1,0,0,1
장원쌈밥,0,0,0,0,0,0,0,0,0,0,0
저스트텐동 진주점(Just tendong 진주점),0,0,1,1,0,0,0,0,0,1,0
전복해장국,0,0,0,0,0,0,0,0,0,0,1
정촌쌈김치찌개 2호점,0,0,0,0,0,0,0,0,0,0,1
제로(ZERO),0,0,0,0,0,0,0,0,0,1,0
제이제이카파로스터스예술회관점,0,0,0,0,0,0,0,0,0,1,0
제주목장원,0,0,0,0,0,0,0,0,0,1,0
제주옥탑 진주역점,0,0,1,1,0,1,0,1,0,0,1
조문정국수집,0,0,0,0,0,0,0,0,0,1,0
조선돼지국밥,0,0,0,0,0,0,0,0,0,1,0
조커닭(본점),0,0,1,1,1,0,0,1,0,0,1
족발깡패,0,0,0,0,0,0,0,0,0,1,0
족발신선생가좌점,0,0,0,0,0,0,0,0,0,0,1
존가네(진주점),0,0,0,0,0,0,0,0,0,1,0
종국이두마리치킨,0,0,0,0,0,0,0,0,0,0,1
주가네흑돈,0,0,0,0,0,0,0,0,0,0,1
주공죽집,0,0,0,0,0,0,0,0,0,0,1
주구장창,0,0,0,0,0,0,0,0,0,0,1
주당,0,0,0,0,0,0,0,0,0,0,1
주식회사 오지버거경상대점,0,0,0,0,0,0,0,0,0,0,1
죽이야기,0,0,0,0,0,0,0,0,0,1,0
줄라이세컨드,0,0,0,0,0,0,0,0,0,0,1
줄리의주방,0,0,0,0,0,0,0,0,0,1,0
중국집,0,0,0,0,0,0,0,0,0,0,0
중앙도서관카페(도서관카페),0,0,0,0,0,0,0,0,0,0,1
쥬씨(juicy)칠암점,0,0,0,0,0,0,0,1,0,1,0
지니,0,1,0,0,0,0,0,0,0,0,1
지리산촌옻닭,0,0,0,0,0,0,0,0,0,0,0
지에스(GS)25진주세무서점,0,0,0,0,0,0,0,0,0,1,0
지에스(GS)25진주칠암점,0,0,0,0,0,0,0,0,0,1,0
지에스25 경상대의대점,0,0,0,0,0,0,0,0,0,1,0
지에스25 진주이주단지점,0,0,0,0,0,0,0,0,0,0,1
지에스25 칠암중앙점,0,0,0,0,0,0,0,0,0,1,0
지에스25 칠암한주점,0,0,0,0,0,0,0,0,0,1,0
지에스25가좌중앙점,0,0,0,0,0,0,0,0,0,0,1
지에스25기숙사후문점,0,0,0,0,0,0,0,0,0,0,1
지에스25진주MBC점,0,0,0,0,0,0,0,0,0,0,1
지에스25진주가좌우리점,0,0,0,0,0,0,0,0,0,0,1
지에스25진주개양점,0,0,0,0,0,0,0,0,0,0,1
지에스25진주경상대정문점,0,0,0,0,0,0,0,0,0,0,1
지에스25진주미라주점,0,0,0,0,0,0,0,0,0,0,0
지에스25진주천전점,0,0,0,0,0,0,0,0,0,1,0
지에스25진주칠암원룸점,0,0,0,0,0,0,0,0,0,1,0
지에스25진주하늘마을점,0,0,0,0,0,0,0,0,0,1,0
지유꼬꼬닭,0,0,0,0,0,0,0,0,0,0,0
지윤식당,0,0,0,0,0,0,0,0,0,0,0
지코바숯불양념치킨,0,0,0,0,0,0,0,0,0,0,1
지코바치킨,0,0,0,0,0,0,0,0,0,0,0
지코바치킨신진주역점,0,0,0,0,0,0,0,0,0,0,1
진가옥 경상대직영점,0,0,1,1,1,1,0,1,1,0,1
진가네,0,0,0,0,0,0,0,0,0,0,1
진남정 식육식당,0,0,0,0,0,0,0,0,0,0,1
진미,0,0,0,0,0,0,0,0,0,0,1
진미가한식부페,0,0,0,0,0,0,0,0,0,0,0
진성식당,0,0,0,0,0,0,0,0,0,1,0
진주경상대1호점빽다방,0,1,0,0,0,0,0,0,0,0,1
진주국밥,0,0,0,0,0,0,0,0,0,1,0
진주돌솥밥,0,0,0,0,0,0,0,0,0,1,0
진주바틀샵,0,1,0,0,0,0,0,0,0,1,0
진주실비,0,0,0,0,0,0,0,0,0,1,0
진주양푼국수전문점,0,1,0,0,0,0,0,0,0,0,1
진주초밥,0,0,0,0,0,0,0,0,0,1,0
진주추어탕,0,0,0,0,0,0,0,0,0,0,0
진주팥죽칠암점,1,0,0,0,0,0,0,0,0,1,0
집밥,0,0,0,0,0,0,0,0,0,1,0
짬뽕공장,0,0,0,0,0,0,0,0,0,0,1
쪼닭 경상대점,0,0,1,1,1,0,0,1,0,0,1
찐이야숯불두마리치킨 칠암점,0,0,0,0,0,0,0,0,0,1,0
차칸만두,0,0,0,0,0,0,0,0,0,0,0
착한술집,0,0,0,0,0,0,0,0,0,1,0
착한쭝식진주경상대점,0,0,0,0,0,0,0,0,0,0,1
"참살이숯불장어,엑기스",0,0,0,0,0,0,0,0,0,0,0
참숯삼가한우라예(신역점),0,0,0,1,0,0,0,1,0,0,1
참숯화로구이부산냉면,0,0,0,0,0,0,0,0,0,0,1
참치예찬,0,0,0,0,0,0,0,0,0,1,0
창평국밥,0,0,0,0,0,0,0,0,0,0,1
처프트(CHUFFED),0,0,1,1,1,1,0,0,0,1,0
천년의비빔밥,0,0,0,0,0,0,0,0,0,1,0
천마,0,0,0,0,0,0,0,0,0,0,1
천씨씨 과기대,0,0,0,0,0,0,0,0,0,1,0
천씨씨신진주역점,0,0,0,0,0,0,0,0,0,0,1
천탁,0,0,0,0,0,0,0,0,0,0,1
청기와콩나물해장국,0,0,0,0,0,0,0,0,0,0,1
청년다방 진주경상대점,0,0,1,1,0,0,0,0,0,0,1
청암식당,0,0,0,0,0,0,0,0,0,1,0
청월,0,0,1,1,0,1,0,1,0,1,0
청자,0,0,0,0,0,0,0,0,0,0,0
청춘밥상,0,0,0,1,0,0,0,0,0,0,1
청춘오겹,0,0,0,0,0,0,0,0,0,0,0
rr버거 신진주역점(CHOP CHOP BURGER),0,0,0,0,0,0,0,0,0,0,1
충무김밥칠암점,0,0,0,0,0,0,0,0,0,1,0
충청도식당,0,0,0,0,0,0,0,0,0,1,0
칠남매감자탕,0,0,0,0,0,0,0,0,0,1,0
칠성포차칠암점,0,0,1,1,1,0,0,0,0,1,0
칠암곰탕,0,0,0,0,0,0,0,0,0,1,0
칠암동,0,0,0,0,0,0,0,0,0,1,0
칠암상회,0,0,0,0,0,0,0,0,0,1,0
칠암장어곰장어구이,0,0,0,0,0,0,0,0,0,1,0
카시강,0,0,0,0,0,0,0,0,0,1,0
카페051,1,0,0,0,0,0,0,0,0,0,1
카페502(cafe502),0,1,0,0,0,1,0,0,0,0,1
카페냠냠,0,0,0,0,0,0,0,0,0,0,1
카페로움 ROUMM,0,0,0,0,0,0,0,0,0,0,1
카페만나(KAFFE MANNAH),0,0,0,0,0,0,0,0,0,1,0
카페미송,0,0,0,0,0,0,0,0,0,1,0
카페봄봄,0,0,0,0,0,0,0,0,0,1,0
카페봄봄,0,0,0,0,0,0,0,0,0,1,0
카페비상,0,0,0,0,0,0,0,0,0,1,0
카페앤북스,0,0,1,0,1,1,0,1,0,0,1
카페오다,0,0,0,0,0,0,0,0,0,0,1
카페와이와이와이(cafe YYY),1,0,0,1,0,1,0,1,0,0,1
카페율,0,0,0,0,0,1,0,0,0,1,0
카페이비뎀(Cafe Ibidem),0,0,0,0,0,0,0,0,0,0,1
카페인더박스(CAFE IN THE BOX),0,0,0,0,0,0,0,0,0,0,1
카페진담,0,1,0,0,0,0,0,0,0,0,0
카페테리아모디(CAFETERIA MAUDIE),0,0,0,0,0,0,0,0,0,1,0
캘리포니아키친(California Kitchen),0,0,0,1,0,0,0,1,1,1,0
커피303,0,1,0,0,0,0,0,0,0,1,0
커피대장 가호점,0,0,0,0,0,0,0,0,0,0,1
커피마마스,0,0,0,0,0,0,0,0,0,0,0
커피수레,0,0,0,0,0,0,0,0,0,1,0
커피에반하다센텀병원점,0,1,0,0,0,0,0,0,0,0,0
커피콩,0,0,0,0,0,0,0,0,0,0,0
커피플라워,1,0,0,0,0,1,0,0,0,0,1
커피향기,0,0,0,0,0,0,0,0,0,1,0
커피홀 신진주역점,0,0,0,0,0,0,0,0,0,0,1
컴포즈커피,0,0,0,0,0,0,0,0,0,0,1
컴포즈커피 진주역점,0,1,0,0,0,0,0,0,0,0,1
컴포즈커피(COMPOSE COFFEE) 진주칠암점,0,1,1,0,0,0,0,1,0,1,0
컴포즈커피(COMPOSE COFFEE)진주경상대정문점,0,1,0,0,0,0,0,1,0,0,1
코레일유통(주)다인경주빵진주역사점,0,0,0,0,0,0,0,0,0,0,1
코리안덕,0,0,0,0,0,0,0,0,0,1,0
코피치(COFFICH),0,0,0,0,0,0,0,0,0,1,0
콩글리쉬머핀카페(Konglish Muffin Cafe),0,0,0,0,0,0,0,0,0,0,1
콩시루콩나물국밥가호점,0,0,0,0,0,0,0,0,0,0,1
쿄다이,0,0,0,0,0,0,0,0,0,1,0
쿄우라멘,0,0,1,1,0,1,0,0,0,1,0
크라우드PC 진주경상대점,0,0,0,0,0,0,0,0,0,0,1
크로스비(Cross'B),0,0,0,0,0,1,0,1,0,1,0
타마시,0,0,0,0,0,0,0,0,0,0,1
타코애,0,0,0,0,0,0,0,0,0,0,1
탕화쿵푸마라탕 가좌동점,0,0,0,0,0,0,0,0,0,0,1
태영생막창신진주역점,0,0,1,1,0,0,0,0,0,0,1
테일,0,0,0,0,0,0,0,0,0,0,1
텐퍼센트커피 진주가좌점,0,0,0,0,0,0,0,0,0,0,1
토크박스,0,0,0,0,0,0,0,0,0,1,0
통묵은지 감자탕,0,0,0,0,0,0,0,0,0,0,1
통큰돼지국밥,0,0,0,1,0,0,0,0,0,0,1
통통김밥,0,0,0,0,0,0,0,0,0,0,0
퇘장군,0,0,0,0,0,0,0,0,0,0,1
투다리 신진주역점,0,0,0,0,0,0,0,0,0,0,1
투모아꼬치구이전문점(강남점),0,0,0,0,0,0,0,0,0,0,0
투썸플레이스(경상대점),1,1,1,0,0,0,0,0,0,0,1
튀김나라,0,0,0,0,0,0,0,0,0,1,0
티디에이(TDA),0,0,0,0,0,1,0,0,0,0,0
티바두마리치킨가호점,0,0,0,0,0,0,0,0,0,0,1
파머스,0,0,0,0,0,0,0,0,0,0,1
팜스보드게임,0,0,1,0,1,1,0,1,0,0,1
팝준코,0,0,0,0,0,0,0,0,0,0,1
퍼시먼,0,0,0,0,0,0,0,0,0,1,0
펍큐진주본점,0,0,0,0,0,0,0,0,0,0,1
편백담 가좌점,0,0,1,1,1,1,0,1,0,0,1
포에틱시너리,0,0,1,1,0,1,0,1,0,0,1
포차컵밥,0,1,0,0,0,0,0,0,0,0,1
포케타임(POKE TIME),0,0,1,1,0,1,0,0,0,0,1
퐁닭 진주1호점,0,0,0,0,0,0,0,0,0,1,0
퐁당,0,0,0,0,0,0,0,0,0,0,0
푸라닭 진주가좌점,0,0,0,0,0,0,0,0,0,0,1
푸라닭 진주칠암점,0,0,0,0,0,0,0,0,0,0,0
푸른고래포차,0,0,0,0,0,0,0,0,0,0,1
푸짐한밥상,0,0,0,0,0,0,0,0,0,0,0
푸푸(PUPU),0,0,1,1,1,0,0,1,0,1,0
풍경민속주점,0,0,0,0,0,0,0,0,0,0,0
풍년상회,0,0,0,0,0,0,0,0,0,0,1
풍미식당,0,0,0,0,0,0,0,0,0,0,0
프라하,0,1,0,0,0,0,0,0,0,1,0
프레커피,0,0,0,0,0,0,0,0,0,1,0
피씨락,0,0,0,0,0,0,0,0,0,0,1
피앙세뷔페,0,0,0,0,0,0,0,0,0,1,0
피자나라치킨공주가호점,0,0,0,0,0,0,0,0,0,0,1
피자마루경남과기대점,0,0,0,0,0,0,0,0,0,1,0
피자헛 진주경상대점,0,0,0,0,0,0,0,0,0,0,1
핑크빛청춘들,0,0,0,0,0,0,0,0,0,0,1
하남샘추어탕,0,1,0,0,0,0,0,0,0,1,0
하동돈가스,0,0,1,1,0,0,0,0,0,0,1
하루,0,0,0,0,0,0,0,0,0,0,1
하삼동 개양점,0,0,0,0,0,0,0,0,0,0,1
하삼동칠암점,0,1,0,0,0,0,0,0,0,1,0
하삼동커피신진주역점,1,0,0,0,0,0,0,0,0,0,1
학생회관커피점(중앙카페),0,0,0,0,0,0,0,0,0,0,1
한국맥도날드(유)진주가좌DT점,1,0,0,0,0,0,0,0,0,0,1
한라맥주 경상대점,0,0,0,0,0,0,0,0,0,0,1
한방재경장어,0,0,0,0,0,0,0,0,0,0,0
한솥도시락경남과기대점,0,1,0,0,0,0,0,0,0,1,0
한솥도시락진주경상대정문점,0,1,0,0,0,0,0,0,0,0,1
한주반점,0,0,0,0,0,0,0,0,0,1,0
할매닭갈비,0,0,0,0,0,0,0,0,0,0,1
할멈국밥,0,0,0,0,0,0,0,0,0,1,0
합성동얼큰이(강남점),0,0,0,0,0,0,0,0,0,0,0
합천돼지국밥,0,0,0,0,0,0,0,0,0,0,0
해가,0,0,0,0,0,0,0,0,0,1,0
해동추어탕,0,0,0,0,0,0,0,0,0,1,0
해뜰날한식뷔페,0,0,0,0,0,0,0,0,0,0,1
해신궁,0,0,0,0,0,0,0,0,0,1,0
해오,0,0,0,0,0,0,0,0,0,1,0
해웅해물아구찜,0,0,1,0,0,1,0,0,0,0,1
허니탕후루,0,0,0,0,0,0,0,0,0,0,1
헤르메스,0,0,0,0,0,0,0,0,0,0,1
헤이브레드(Hey Bread),0,0,1,0,0,1,0,0,0,0,1
현이네,0,0,0,0,0,0,0,0,0,0,1
현주국수,0,0,0,0,0,0,0,0,0,0,0
형제짬뽕,0,0,0,0,0,0,0,0,0,1,0
혜하당,0,0,0,0,0,1,0,0,0,0,1
혜화동 돈까스극장 진주가좌점,0,0,0,0,0,0,0,0,0,0,1
호계,0,0,1,1,0,1,1,1,1,0,1
호동식당,0,1,0,0,0,0,0,0,0,0,1
호맥경상대점,0,0,0,0,0,0,0,0,0,0,1
호상당,0,0,0,0,0,0,0,0,0,0,1
호식이두마리치킨,1,0,0,0,0,0,0,0,0,1,0
호탄숯불구이,0,0,0,0,0,0,0,0,0,0,1
호호반점 진주경상대점,0,0,1,1,1,0,0,1,1,0,1
홈리스타코,0,0,1,1,0,1,0,0,0,0,1
홍대김밥,0,0,0,0,0,0,0,0,0,0,1
홍이네닭갈비,0,0,0,0,0,0,0,0,0,0,1
홍콩맥주,0,0,0,0,0,0,0,0,0,1,0
홍콩반점0410 진주경상대점,0,0,0,0,0,0,0,0,0,0,1
화양연화,0,0,0,0,0,0,0,0,0,0,1
화이트PC 경대점,0,0,0,0,0,0,0,0,0,0,1
타짜오리하우스,0,0,0,0,0,0,0,0,0,1,0
황토식당,0,0,0,0,0,0,0,0,0,1,0
회초랑,0,0,0,0,0,0,0,0,0,1,0
효주,0,0,0,0,0,0,0,0,0,0,1
후라이드참잘하는집,0,0,0,0,0,0,0,0,0,0,1
후라이드참잘하는집,0,0,0,0,0,0,0,0,0,0,0
훗스테이크 경상대점,0,0,0,1,1,1,0,1,0,0,1
흐루(hru),0,0,1,1,0,1,1,1,0,1,0
흑돈,0,0,0,0,0,0,0,0,0,0,0
희망분식희망커피,0,0,0,0,0,0,0,0,0,1,0
히얼(here),0,1,0,0,0,0,0,0,0,1,0
치킨유니,0,0,0,0,0,0,0,0,0,0,1
